id,title,category,price,discountPercentage,rating,stock,brand,sku
1,Essence Mascara Lash Princess,beauty,9.99,10.48,2.56,99,Essence,BEA-ESS-ESS-001
2,Eyeshadow Palette with Mirror,beauty,19.99,18.19,2.86,34,Glamour Beauty,BEA-GLA-EYE-002
3,Powder Canister,beauty,14.99,9.84,4.64,89,Velvet Touch,BEA-VEL-POW-003
4,Red Lipstick,beauty,12.99,12.16,4.36,91,Chic Cosmetics,BEA-CHI-LIP-004
5,Red Nail Polish,beauty,8.99,11.44,4.32,79,Nail Couture,BEA-NAI-NAI-005
6,Calvin Klein CK One,fragrances,49.99,1.89,4.37,29,Calvin Klein,FRA-CAL-CAL-006
7,Chanel Coco Noir Eau De,fragrances,129.99,16.51,4.26,58,Chanel,FRA-CHA-CHA-007
8,Dior J'adore,fragrances,89.99,14.72,3.8,98,Dior,FRA-DIO-DIO-008
9,Dolce Shine Eau de,fragrances,69.99,0.62,3.96,4,Dolce & Gabbana,FRA-DOL-DOL-009
10,Gucci Bloom Eau de,fragrances,79.99,14.39,2.74,91,Gucci,FRA-GUC-GUC-010
11,Annibale Colombo Bed,furniture,1899.99,8.57,4.77,88,Annibale Colombo,FUR-ANN-ANN-011
12,Annibale Colombo Sofa,furniture,2499.99,14.4,3.92,60,Annibale Colombo,FUR-ANN-ANN-012
13,Bedside Table African Cherry,furniture,299.99,19.09,2.87,64,Furniture Co.,FUR-FUR-BED-013
14,Knoll Saarinen Executive Conference Chair,furniture,499.99,2.01,4.88,26,Knoll,FUR-KNO-KNO-014
15,Wooden Bathroom Sink With Mirror,furniture,799.99,8.8,3.59,7,Bath Trends,FUR-BAT-WOO-015
16,Apple,groceries,1.99,12.62,4.19,8,Unknown,GRO-BRD-APP-016
17,Beef Steak,groceries,12.99,9.61,4.47,86,Unknown,GRO-BRD-BEE-017
18,Cat Food,groceries,8.99,9.58,3.13,46,Unknown,GRO-BRD-FOO-018
19,Chicken Meat,groceries,9.99,13.7,3.19,97,Unknown,GRO-BRD-CHI-019
20,Cooking Oil,groceries,4.99,9.33,4.8,10,Unknown,GRO-BRD-COO-020
21,Cucumber,groceries,1.49,0.16,4.07,84,Unknown,GRO-BRD-CUC-021
22,Dog Food,groceries,10.99,10.27,4.55,71,Unknown,GRO-BRD-FOO-022
23,Eggs,groceries,2.99,11.05,2.53,9,Unknown,GRO-BRD-EGG-023
24,Fish Steak,groceries,14.99,4.23,3.78,74,Unknown,GRO-BRD-FIS-024
25,Green Bell Pepper,groceries,1.29,0.16,3.25,33,Unknown,GRO-BRD-GRE-025
26,Green Chili Pepper,groceries,0.99,1.0,3.66,3,Unknown,GRO-BRD-GRE-026
27,Honey Jar,groceries,6.99,14.4,3.97,34,Unknown,GRO-BRD-HON-027
28,Ice Cream,groceries,5.49,8.69,3.39,27,Unknown,GRO-BRD-CRE-028
29,Juice,groceries,3.99,12.06,3.94,50,Unknown,GRO-BRD-JUI-029
30,Kiwi,groceries,2.49,15.22,4.93,99,Unknown,GRO-BRD-KIW-030
31,Lemon,groceries,0.79,9.7,3.53,31,Unknown,GRO-BRD-LEM-031
32,Milk,groceries,3.49,13.74,2.61,27,Unknown,GRO-BRD-MIL-032
33,Mulberry,groceries,4.99,12.87,4.95,99,Unknown,GRO-BRD-MUL-033
34,Nescafe Coffee,groceries,7.99,1.59,4.82,57,Unknown,GRO-BRD-NES-034
35,Potatoes,groceries,2.29,5.38,4.81,13,Unknown,GRO-BRD-POT-035
36,Protein Powder,groceries,19.99,7.59,4.18,80,Unknown,GRO-BRD-PRO-036
37,Red Onions,groceries,1.99,9.9,4.2,82,Unknown,GRO-BRD-ONI-037
38,Rice,groceries,5.99,9.29,3.18,59,Unknown,GRO-BRD-RIC-038
39,Soft Drinks,groceries,1.99,17.48,4.75,53,Unknown,GRO-BRD-SOF-039
40,Strawberry,groceries,3.99,1.12,3.08,46,Unknown,GRO-BRD-STR-040
41,Tissue Paper Box,groceries,2.49,13.28,2.69,86,Unknown,GRO-BRD-TIS-041
42,Water,groceries,0.99,14.92,4.96,53,Unknown,GRO-BRD-WAT-042
43,Decoration Swing,home-decoration,59.99,10.41,3.16,47,Unknown,HOM-BRD-DEC-043
44,Family Tree Photo Frame,home-decoration,29.99,14.87,4.53,77,Unknown,HOM-BRD-FAM-044
45,House Showpiece Plant,home-decoration,39.99,7.46,4.67,28,Unknown,HOM-BRD-HOU-045
46,Plant Pot,home-decoration,14.99,6.84,3.01,59,Unknown,HOM-BRD-PLA-046
47,Table Lamp,home-decoration,49.99,7.09,3.55,9,Unknown,HOM-BRD-TAB-047
48,Bamboo Spatula,kitchen-accessories,7.99,2.84,3.27,37,Unknown,KIT-BRD-BAM-048
49,Black Aluminium Cup,kitchen-accessories,5.99,15.65,4.46,75,Unknown,KIT-BRD-BLA-049
50,Black Whisk,kitchen-accessories,9.99,10.24,3.9,73,Unknown,KIT-BRD-BLA-050
51,Boxed Blender,kitchen-accessories,39.99,7.26,4.56,9,Unknown,KIT-BRD-BOX-051
52,Carbon Steel Wok,kitchen-accessories,29.99,6.53,4.05,40,Unknown,KIT-BRD-CAR-052
53,Chopping Board,kitchen-accessories,12.99,8.03,3.7,14,Unknown,KIT-BRD-CHO-053
54,Citrus Squeezer Yellow,kitchen-accessories,8.99,12.1,4.63,22,Unknown,KIT-BRD-CIT-054
55,Egg Slicer,kitchen-accessories,6.99,14.76,3.09,40,Unknown,KIT-BRD-SLI-055
56,Electric Stove,kitchen-accessories,49.99,14.04,4.11,21,Unknown,KIT-BRD-ELE-056
57,Fine Mesh Strainer,kitchen-accessories,9.99,3.5,3.04,85,Unknown,KIT-BRD-FIN-057
58,Fork,kitchen-accessories,3.99,8.07,3.11,7,Unknown,KIT-BRD-FOR-058
59,Glass,kitchen-accessories,4.99,7.92,4.02,46,Unknown,KIT-BRD-GLA-059
60,Grater Black,kitchen-accessories,10.99,3.56,3.21,84,Unknown,KIT-BRD-GRA-060
61,Hand Blender,kitchen-accessories,34.99,17.02,3.86,84,Unknown,KIT-BRD-HAN-061
62,Ice Cube Tray,kitchen-accessories,5.99,0.63,4.71,13,Unknown,KIT-BRD-CUB-062
63,Kitchen Sieve,kitchen-accessories,7.99,18.91,3.09,68,Unknown,KIT-BRD-KIT-063
64,Knife,kitchen-accessories,14.99,18.86,3.26,7,Unknown,KIT-BRD-KNI-064
65,Lunch Box,kitchen-accessories,12.99,10.34,4.93,94,Unknown,KIT-BRD-LUN-065
66,Microwave Oven,kitchen-accessories,89.99,12.13,4.82,59,Unknown,KIT-BRD-MIC-066
67,Mug Tree Stand,kitchen-accessories,15.99,9.25,2.64,88,Unknown,KIT-BRD-TRE-067
68,Pan,kitchen-accessories,24.99,3.0,2.79,90,Unknown,KIT-BRD-PRD-068
69,Plate,kitchen-accessories,3.99,7.31,3.65,66,Unknown,KIT-BRD-PLA-069
70,Red Tongs,kitchen-accessories,6.99,14.52,4.42,82,Unknown,KIT-BRD-TON-070
71,Silver Pot With Glass Cap,kitchen-accessories,39.99,5.7,3.22,40,Unknown,KIT-BRD-SIL-071
72,Slotted Turner,kitchen-accessories,8.99,13.35,3.4,88,Unknown,KIT-BRD-SLO-072
73,Spice Rack,kitchen-accessories,19.99,12.09,4.87,79,Unknown,KIT-BRD-SPI-073
74,Spoon,kitchen-accessories,4.99,1.53,4.03,59,Unknown,KIT-BRD-SPO-074
75,Tray,kitchen-accessories,16.99,7.48,4.62,71,Unknown,KIT-BRD-TRA-075
76,Wooden Rolling Pin,kitchen-accessories,11.99,9.75,2.92,80,Unknown,KIT-BRD-WOO-076
77,Yellow Peeler,kitchen-accessories,5.99,12.48,4.24,35,Unknown,KIT-BRD-YEL-077
78,Apple MacBook Pro 14 Inch Space Grey,laptops,1999.99,4.69,3.65,24,Apple,LAP-APP-APP-078
79,Asus Zenbook Pro Dual Screen Laptop,laptops,1799.99,11.14,3.95,45,Asus,LAP-ASU-ASU-079
80,Huawei Matebook X Pro,laptops,1399.99,9.38,4.98,75,Huawei,LAP-HUA-HUA-080
81,Lenovo Yoga 920,laptops,1099.99,6.55,2.86,40,Lenovo,LAP-LEN-LEN-081
82,New DELL XPS 13 9300 Laptop,laptops,1499.99,11.89,2.67,74,Dell,LAP-DEL-DEL-082
83,Blue & Black Check Shirt,mens-shirts,29.99,15.35,3.64,38,Fashion Trends,MEN-FAS-BLU-083
84,Gigabyte Aorus Men Tshirt,mens-shirts,24.99,0.94,3.18,90,Gigabyte,MEN-GIG-GIG-084
85,Man Plaid Shirt,mens-shirts,34.99,19.5,3.46,82,Classic Wear,MEN-CLA-PLA-085
86,Man Short Sleeve Shirt,mens-shirts,19.99,6.83,2.9,2,Casual Comfort,MEN-CAS-SHO-086
87,Men Check Shirt,mens-shirts,27.99,11.38,2.72,95,Urban Chic,MEN-URB-CHE-087
88,Nike Air Jordan 1 Red And Black,mens-shoes,149.99,4.12,4.77,7,Nike,MEN-NIK-NIK-088
89,Nike Baseball Cleats,mens-shoes,79.99,18.04,3.88,12,Nike,MEN-NIK-NIK-089
90,Puma Future Rider Trainers,mens-shoes,89.99,4.2,4.9,90,Puma,MEN-PUM-PUM-090
91,Sports Sneakers Off White & Red,mens-shoes,119.99,4.97,4.77,17,Off White,MEN-OFF-SPO-091
92,Sports Sneakers Off White Red,mens-shoes,109.99,0.04,4.69,62,Off White,MEN-OFF-SPO-092
93,Brown Leather Belt Watch,mens-watches,89.99,5.99,4.19,32,Fashion Timepieces,MEN-FAS-BRO-093
94,Longines Master Collection,mens-watches,1499.99,17.24,3.87,100,Longines,MEN-LON-LON-094
95,Rolex Cellini Date Black Dial,mens-watches,8999.99,8.88,4.97,40,Rolex,MEN-ROL-ROL-095
96,Rolex Cellini Moonphase,mens-watches,12999.99,17.52,2.58,36,Rolex,MEN-ROL-ROL-096
97,Rolex Datejust,mens-watches,10999.99,3.73,3.66,86,Rolex,MEN-ROL-ROL-097
98,Rolex Submariner Watch,mens-watches,13999.99,5.05,2.69,55,Rolex,MEN-ROL-ROL-098
99,Amazon Echo Plus,mobile-accessories,99.99,12.07,4.99,61,Amazon,MOB-AMA-AMA-099
100,Apple Airpods,mobile-accessories,129.99,15.54,4.15,67,Apple,MOB-APP-APP-100
