customer_id,total_orders,total_spend,average_order_value,total_quantity,average_discount,average_rating,unique_categories,unique_products,days_since_last_order,customer_lifetime_days,inactive_customer
CUST_0001,3,3837.63,1279.21,8,9.873333333333331,4.18,2,3,70,16,1
CUST_0002,11,17797.43,1617.948181818182,35,9.053636363636365,3.342727272727273,7,11,8,164,0
CUST_0003,3,4925.77,1641.9233333333332,5,12.923333333333332,4.323333333333333,3,3,5,163,0
CUST_0004,2,327.73,163.86499999999998,6,13.105,3.895,2,2,14,73,0
CUST_0005,2,144.12,72.06,3,4.654999999999999,3.675,2,2,52,84,0
CUST_0006,5,1391.55,278.31,15,9.786,3.9,5,5,33,137,0
CUST_0007,5,46855.99,9371.198,10,10.638,3.7400000000000007,5,5,22,156,0
CUST_0008,9,25708.07,2856.452222222222,23,13.677777777777775,3.723333333333333,6,9,25,140,0
CUST_0009,4,427.15,106.7875,16,9.49,3.9725,3,4,9,153,0
CUST_0010,3,3618.73,1206.243333333333,5,8.596666666666666,3.8,2,3,30,112,0
CUST_0011,3,61847.9,20615.966666666667,8,12.83,4.14,2,3,20,66,0
CUST_0012,4,7650.79,1912.6975,15,11.31,3.7625,3,4,21,138,0
CUST_0013,3,7333.79,2444.596666666667,10,5.923333333333333,4.44,3,3,0,171,0
CUST_0014,4,31941.21,7985.3025,12,5.4625,4.2625,3,4,84,64,1
CUST_0015,2,151.67000000000002,75.83500000000001,2,2.855,4.795,2,2,8,123,0
CUST_0016,5,6443.4400000000005,1288.688,13,9.264,3.606,3,5,68,100,1
CUST_0017,5,566.1600000000001,113.232,17,13.088,3.506,4,5,1,140,0
CUST_0018,11,3083.9,280.3545454545455,31,8.847272727272726,3.9127272727272726,7,10,50,101,0
CUST_0019,7,468.25,66.89285714285714,15,8.268571428571429,4.512857142857143,5,7,1,165,0
CUST_0020,1,17.39,17.39,4,12.87,4.95,1,1,4,0,0
CUST_0021,8,40166.03,5020.75375,23,11.30125,3.845,6,8,13,112,0
CUST_0022,4,340.01,85.0025,18,5.545,3.735,3,4,8,164,0
CUST_0023,4,5420.54,1355.135,14,7.3925,4.1825,4,4,112,63,1
CUST_0024,3,42578.16,14192.72,8,8.32,3.1366666666666667,3,3,17,11,0
CUST_0025,3,313.98,104.66,9,12.643333333333333,4.6433333333333335,3,3,23,120,0
CUST_0026,5,3850.37,770.074,16,10.088,3.548,4,5,34,118,0
CUST_0027,6,29336.99,4889.498333333333,22,11.078333333333331,3.776666666666667,5,6,40,122,0
CUST_0028,7,841.64,120.23428571428572,21,11.57,3.76,4,6,27,150,0
CUST_0029,2,239.57,119.785,7,7.58,3.33,2,2,78,16,1
CUST_0030,3,209.87,69.95666666666666,9,13.95,4.31,2,3,62,79,1
CUST_0031,4,47.25,11.8125,9,6.085,3.71,2,4,25,130,0
CUST_0032,6,571.01,95.16833333333334,22,12.486666666666666,3.983333333333333,3,6,48,52,0
CUST_0033,2,2689.8700000000003,1344.9350000000002,6,11.115,3.8,2,2,8,91,0
CUST_0034,4,291.78000000000003,72.94500000000001,17,6.01,3.7275,2,4,56,35,0
CUST_0035,7,1790.97,255.85285714285715,23,9.425714285714289,4.004285714285714,5,7,20,146,0
CUST_0036,8,30194.95,3774.36875,17,8.692499999999999,3.565,5,8,34,121,0
CUST_0037,5,2258.87,451.774,16,7.651999999999999,3.826,4,5,11,107,0
CUST_0038,7,294.87,42.12428571428571,15,11.055714285714286,4.242857142857143,4,7,12,151,0
CUST_0039,11,12695.589999999998,1154.144545454545,32,9.480909090909092,3.677272727272728,6,11,4,159,0
CUST_0040,6,6968.52,1161.42,18,10.046666666666669,3.98,4,6,60,89,0
CUST_0041,2,138.98000000000002,69.49000000000001,3,13.47,4.76,2,2,105,68,1
CUST_0042,6,6964.27,1160.7116666666666,27,13.096666666666666,3.835,6,6,2,156,0
CUST_0043,5,155.49,31.098000000000003,14,8.968,3.736,2,5,45,74,0
CUST_0044,2,5128.740000000001,2564.3700000000003,8,9.61,4.8100000000000005,2,2,5,82,0
CUST_0045,4,395.13,98.7825,14,14.905,4.32,3,4,77,83,1
CUST_0046,7,59794.5,8542.07142857143,19,7.491428571428571,3.638571428571428,4,7,16,143,0
CUST_0047,8,9309.78,1163.7225,31,11.86875,3.5675,5,7,47,105,0
CUST_0048,3,2218.95,739.65,11,5.996666666666667,3.26,3,3,19,128,0
CUST_0049,6,235.7,39.28333333333334,19,11.646666666666668,3.838333333333333,3,6,10,138,0
CUST_0050,4,16456.24,4114.06,12,9.635,3.66,3,4,111,63,1
CUST_0051,4,3746.41,936.6025,14,6.865,3.6875,3,4,14,134,0
CUST_0052,5,21328.3,4265.66,13,4.651999999999999,3.6760000000000006,3,5,65,96,1
CUST_0053,6,1984.22,330.7033333333333,18,10.085,3.855,3,6,11,119,0
CUST_0054,5,375.21,75.042,14,6.767999999999999,4.390000000000001,4,5,22,149,0
CUST_0055,6,15763.34,2627.2233333333334,13,11.536666666666669,3.4266666666666663,3,6,34,137,0
CUST_0056,3,1003.56,334.52,9,10.213333333333331,4.11,3,3,4,54,0
CUST_0057,7,7806.059999999999,1115.1514285714286,22,14.154285714285717,4.041428571428571,5,7,15,152,0
CUST_0058,6,4126.78,687.7966666666666,20,10.938333333333333,4.086666666666667,5,6,13,152,0
CUST_0059,7,23753.94,3393.42,24,9.231428571428571,3.985714285714285,5,7,3,66,0
CUST_0060,8,12118.1,1514.7625,17,10.22125,3.98125,7,8,27,136,0
CUST_0061,5,3538.26,707.652,15,7.196000000000001,3.2700000000000005,5,5,1,106,0
CUST_0062,2,128.93,64.465,5,8.9,3.925,1,2,1,124,0
CUST_0063,5,151.03,30.206,15,3.856,4.152,3,5,58,114,0
CUST_0064,5,67200.37999999999,13440.075999999995,18,6.046,3.528,4,5,35,78,0
CUST_0065,2,24.83,12.415,5,12.92,3.62,2,2,6,155,0
CUST_0066,4,162.62,40.655,14,12.6175,3.75,3,4,22,149,0
CUST_0067,3,342.14,114.04666666666668,7,13.926666666666668,3.4166666666666665,2,3,35,126,0
CUST_0068,7,7050.26,1007.18,24,8.792857142857143,3.781428571428571,4,7,43,126,0
CUST_0069,1,2643.28,2643.28,2,11.89,2.67,1,1,74,0,1
CUST_0070,3,480.13,160.04333333333332,10,4.95,3.8866666666666663,3,3,27,134,0
CUST_0071,6,5646.23,941.0383333333332,19,9.448333333333332,3.938333333333333,4,6,9,145,0
CUST_0072,7,26651.26,3807.3228571428567,18,9.118571428571428,3.674285714285714,4,6,35,119,0
CUST_0073,3,5247.95,1749.3166666666666,10,10.1,4.163333333333333,3,3,2,140,0
CUST_0074,5,3498.04,699.608,13,8.86,4.008,4,5,29,66,0
CUST_0075,6,24703.76,4117.293333333333,12,12.753333333333332,3.826666666666666,3,6,20,137,0
CUST_0076,2,3879.9,1939.95,7,8.485,4.58,2,2,38,68,0
CUST_0077,7,6482.67,926.0957142857144,21,11.352857142857143,3.662857142857143,4,6,12,162,0
CUST_0078,3,83.47,27.82333333333333,5,8.596666666666666,3.69,1,3,10,66,0
CUST_0079,4,279.37,69.8425,11,8.647499999999999,4.265000000000001,3,4,25,149,0
CUST_0080,8,25476.29,3184.53625,26,8.335,3.73375,5,8,21,156,0
CUST_0081,6,7193.44,1198.9066666666663,21,9.66,3.545,5,6,2,172,0
CUST_0082,3,73.3,24.433333333333334,7,10.693333333333332,3.796666666666667,2,2,56,21,0
CUST_0083,4,149.29999999999998,37.325,9,11.05,3.855,3,4,42,131,0
CUST_0084,3,821.1,273.7,5,9.15,4.41,3,3,58,51,0
CUST_0085,3,41.88,13.96,6,11.246666666666668,4.053333333333334,3,3,58,54,0
CUST_0086,4,42433.53,10608.3825,13,6.1825,3.94,2,4,33,62,0
CUST_0087,7,67704.73999999999,9672.105714285712,26,10.094285714285714,3.87,5,7,36,143,0
CUST_0088,7,478.19999999999993,68.3142857142857,16,6.212857142857144,3.724285714285714,4,7,2,161,0
CUST_0089,3,425.93,141.97666666666666,9,7.8,4.343333333333334,2,3,30,75,0
CUST_0090,7,39695.9,5670.842857142858,23,8.83,3.722857142857143,5,7,1,172,0
CUST_0091,7,711.39,101.62714285714286,27,7.518571428571429,4.0842857142857145,3,7,32,122,0
CUST_0092,4,132.98,33.245,11,12.2,3.165,3,4,1,120,0
CUST_0093,8,2482.39,310.29875,23,10.67125,4.09125,4,8,0,167,0
CUST_0094,5,9000.43,1800.086,16,13.916,3.722,5,5,22,133,0
CUST_0095,8,7452.42,931.5525,20,11.02625,4.24625,5,8,12,163,0
CUST_0096,2,43.22,21.61,6,16.62,3.035,2,2,99,55,1
CUST_0097,1,6948.64,6948.64,4,8.57,4.77,1,1,15,0,0
CUST_0098,7,28641.16,4091.594285714286,21,7.052857142857143,3.5342857142857143,4,7,15,152,0
CUST_0099,4,679.57,169.8925,15,12.105,4.0975,4,4,88,87,1
CUST_0100,9,335.59000000000003,37.28777777777778,20,9.025555555555556,3.86,3,9,1,178,0
CUST_0101,7,186.73,26.67571428571429,17,10.267142857142858,3.7914285714285714,4,6,26,148,0
CUST_0102,7,342.99,48.99857142857143,20,11.95,4.278571428571429,3,7,33,115,0
CUST_0103,4,36127.28,9031.82,12,11.815,3.8475,4,4,6,126,0
CUST_0104,4,824.87,206.2175,10,8.182500000000001,4.3225,3,4,50,120,0
CUST_0105,6,1370.81,228.46833333333333,15,9.351666666666668,3.5066666666666664,5,6,13,131,0
CUST_0106,8,1102.82,137.8525,25,8.6825,3.66625,5,8,7,138,0
CUST_0107,2,315.66,157.83,9,13.67,3.995,2,2,144,24,1
CUST_0108,4,845.3000000000001,211.325,9,10.625,3.6925,3,4,31,102,0
CUST_0109,8,41029.66,5128.7075,21,6.765000000000001,3.935,6,8,11,146,0
CUST_0110,9,1975.29,219.47666666666663,24,8.38,4.127777777777777,7,9,18,155,0
CUST_0111,1,42.4,42.4,4,3.56,3.21,1,1,22,0,0
CUST_0112,4,573.34,143.335,15,12.6675,3.64,2,4,68,78,1
CUST_0113,4,321.11,80.2775,8,11.54,4.165,2,4,45,107,0
CUST_0114,4,4816.19,1204.0475,15,11.6525,3.6675,4,4,11,68,0
CUST_0115,6,2756.78,459.4633333333333,18,11.761666666666663,4.41,4,6,14,155,0
CUST_0116,7,269.26,38.46571428571429,14,11.825714285714286,3.4842857142857144,5,7,27,132,0
CUST_0117,3,2855.8300000000004,951.9433333333336,10,9.956666666666669,3.17,3,3,18,117,0
CUST_0118,8,40859.61,5107.45125,21,8.9475,4.14,5,8,21,146,0
CUST_0119,1,4.22,4.22,2,15.22,4.93,1,1,84,0,1
CUST_0120,1,6948.64,6948.64,4,8.57,4.77,1,1,157,0,1
CUST_0121,5,2593.86,518.772,19,8.645999999999999,3.946,3,5,12,131,0
CUST_0122,2,387.46,193.73,7,12.09,3.5250000000000004,2,2,79,83,1
CUST_0123,5,591.62,118.324,12,10.258,4.078,4,4,7,86,0
CUST_0124,6,248.18,41.36333333333334,25,13.128333333333332,3.793333333333333,3,6,43,119,0
CUST_0125,10,67855.25,6785.525,30,8.259,3.74,5,10,1,178,0
CUST_0126,4,13266.59,3316.6475,11,8.255,3.56,4,4,2,147,0
CUST_0127,3,106.98,35.660000000000004,10,9.21,3.5,1,3,72,58,1
CUST_0128,6,18427.86,3071.31,19,10.188333333333333,3.5116666666666667,4,5,0,162,0
CUST_0129,2,181.63,90.815,4,10.87,4.645,2,2,8,38,0
CUST_0130,5,490.44,98.088,15,6.35,4.13,5,5,38,137,0
CUST_0131,8,3577.99,447.24875,20,7.55,3.84625,3,7,12,138,0
CUST_0132,6,708.8199999999999,118.13666666666666,22,11.653333333333334,3.84,4,6,14,164,0
CUST_0133,5,1653.71,330.742,14,15.785999999999998,3.746,4,5,16,103,0
CUST_0134,10,17283.3,1728.33,30,8.443000000000001,3.73,5,10,9,154,0
CUST_0135,3,5994.74,1998.246666666667,13,5.086666666666667,3.626666666666667,3,3,7,118,0
CUST_0136,6,8295.17,1382.5283333333334,23,7.895,3.655,6,6,19,126,0
CUST_0137,7,20661.41,2951.63,14,8.265714285714285,3.9414285714285713,5,7,26,150,0
CUST_0138,4,225.96,56.49,10,8.44,4.01,2,4,0,148,0
CUST_0139,5,1063.35,212.67,14,8.65,3.62,4,5,84,75,1
CUST_0140,4,196.15,49.0375,12,8.97,4.1875,4,4,57,114,0
CUST_0141,5,3086.51,617.302,13,11.964,3.952,4,5,6,163,0
CUST_0142,5,1093.71,218.742,16,11.642,3.146,3,5,21,140,0
CUST_0143,5,8782.48,1756.496,15,8.598,3.848,4,5,54,108,0
CUST_0144,6,43371.2,7228.533333333334,16,7.544999999999999,3.59,4,6,56,116,0
CUST_0145,2,45.61,22.805,7,10.364999999999998,3.75,2,2,63,34,1
CUST_0147,4,2826.25,706.5625,13,7.4825,4.4175,4,4,104,46,1
CUST_0148,5,424.51,84.902,13,12.09,3.266,4,5,0,154,0
CUST_0149,7,992.37,141.76714285714286,14,6.422857142857143,4.204285714285715,4,7,26,124,0
CUST_0150,4,695.28,173.82,12,12.1325,4.605,4,4,80,74,1
CUST_0151,5,10908.5,2181.7,10,14.43,3.3260000000000005,4,5,0,143,0
CUST_0152,7,3155.4600000000005,450.7800000000001,19,10.998571428571427,4.197142857142857,5,7,58,63,0
CUST_0153,7,14994.19,2142.0271428571427,22,4.444285714285714,3.605714285714286,4,7,7,131,0
CUST_0154,4,1357.9399999999998,339.485,11,10.1725,3.8,4,4,93,86,1
CUST_0155,5,6635.3,1327.06,17,8.504,3.884,3,5,91,86,1
CUST_0156,9,34267.42,3807.491111111111,27,9.642222222222223,4.062222222222222,4,9,34,143,0
CUST_0157,11,964.86,87.71454545454546,32,7.320909090909091,4.049090909090909,6,10,13,158,0
CUST_0158,10,419.89,41.989,33,7.828,3.634,3,9,13,160,0
CUST_0159,6,993.97,165.66166666666666,20,14.796666666666669,3.7616666666666663,3,6,40,106,0
CUST_0160,8,433.31,54.16375,21,8.73375,3.7325,5,8,13,152,0
CUST_0161,8,11596.01,1449.50125,25,8.4775,3.77625,5,8,10,137,0
CUST_0162,6,7182.510000000001,1197.0850000000005,24,8.826666666666666,3.705,3,6,4,162,0
CUST_0163,6,4731.38,788.5633333333334,12,7.276666666666666,3.5700000000000003,5,6,4,127,0
CUST_0164,9,759.9,84.43333333333334,28,11.802222222222222,4.107777777777778,5,9,5,159,0
CUST_0165,4,1370.5200000000002,342.63000000000005,8,10.3675,3.975,4,4,12,59,0
CUST_0166,6,5478.53,913.0883333333333,18,11.541666666666666,4.073333333333333,5,6,28,106,0
CUST_0167,6,1691.0799999999997,281.84666666666664,20,12.25,3.4766666666666666,5,6,59,108,0
CUST_0168,4,466.69,116.6725,16,8.745,3.355,3,4,6,89,0
CUST_0169,1,2139.99,2139.99,1,14.4,3.92,1,1,7,0,0
CUST_0170,2,50.42,25.21,6,6.035,3.69,2,2,129,19,1
CUST_0171,4,7929.85,1982.4625,12,7.337499999999999,4.1075,4,4,36,72,0
CUST_0172,1,123.78,123.78,5,0.94,3.18,1,1,170,0,1
CUST_0173,6,16531.55,2755.258333333333,21,11.721666666666666,3.981666666666667,5,6,55,63,0
CUST_0174,4,11447.59,2861.8975,12,7.615,3.72,4,4,64,90,1
CUST_0175,5,904.4,180.88,21,6.5840000000000005,3.9,3,5,11,80,0
CUST_0176,1,39.81,39.81,5,11.44,4.32,1,1,99,0,1
CUST_0177,8,875.5,109.4375,25,6.5687500000000005,4.005,4,7,13,142,0
CUST_0178,1,11.41,11.41,1,12.16,4.36,1,1,62,0,1
CUST_0179,1,228.05,228.05,2,4.97,4.77,1,1,81,0,1
CUST_0180,7,33512.270000000004,4787.467142857144,24,10.611428571428572,4.252857142857143,5,7,11,84,0
CUST_0181,1,22.82,22.82,2,12.16,4.36,1,1,101,0,1
CUST_0182,9,33226.7,3691.8555555555554,23,10.008888888888889,4.348888888888889,7,9,32,140,0
CUST_0183,7,11223.7,1603.385714285714,26,9.72857142857143,4.055714285714286,5,7,7,157,0
CUST_0184,6,45369.88,7561.646666666666,17,4.906666666666667,3.315,3,5,20,155,0
CUST_0185,7,8235.710000000001,1176.5300000000002,23,10.344285714285714,4.067142857142857,6,7,8,147,0
CUST_0186,8,815.49,101.93625,21,10.72875,3.695,4,8,10,155,0
CUST_0187,3,41281.15,13760.383333333331,11,13.583333333333334,4.153333333333333,3,3,18,93,0
CUST_0188,3,1557.4899999999998,519.1633333333333,9,14.626666666666663,3.22,3,3,36,76,0
CUST_0189,6,35789.8,5964.966666666667,16,6.425000000000001,3.805,5,6,23,100,0
CUST_0190,2,5726.46,2863.23,5,2.905,3.365,2,2,34,139,0
CUST_0191,6,456.01,76.00166666666667,24,14.113333333333337,3.786666666666666,3,6,49,116,0
CUST_0192,8,6873.05,859.13125,29,10.41125,4.1075,4,8,1,167,0
CUST_0193,2,50.8,25.4,8,8.91,3.015,1,2,31,74,0
CUST_0194,3,373.18,124.39333333333332,11,9.396666666666668,3.69,3,3,86,80,1
CUST_0195,2,268.96000000000004,134.48000000000002,10,11.895,3.515,1,2,62,96,1
CUST_0196,7,2775.01,396.43,15,9.24,3.6371428571428575,4,5,9,117,0
CUST_0197,3,19520.34,6506.78,8,8.59,4.253333333333333,3,3,26,97,0
CUST_0198,6,2123.27,353.87833333333333,12,7.851666666666667,3.771666666666667,4,6,2,130,0
CUST_0199,3,96.63,32.21,10,11.769999999999998,3.883333333333333,2,3,67,99,1
CUST_0200,4,6236.68,1559.17,14,14.71,4.125,2,3,4,140,0
CUST_0201,2,14044.73,7022.365,7,9.545,3.785,2,2,36,78,0
CUST_0202,3,573.8100000000001,191.27,10,7.963333333333334,4.636666666666667,3,3,93,55,1
CUST_0203,5,176.98000000000002,35.396,14,8.988,3.732,5,5,50,117,0
CUST_0204,4,9451.43,2362.8575,9,9.44,4.225,3,4,74,82,1
CUST_0205,3,138.97,46.32333333333333,13,6.313333333333333,4.06,2,3,32,138,0
CUST_0206,2,25.94,12.97,6,6.345000000000001,4.325,2,2,29,83,0
CUST_0207,5,200.42,40.084,13,10.64,4.126,4,5,56,121,0
CUST_0208,5,97.25,19.45,17,11.616,3.78,2,5,0,94,0
CUST_0209,4,31.83,7.9575,8,7.935,3.8425,2,4,67,105,1
CUST_0210,5,418.96,83.792,18,6.992,3.214,4,5,36,124,0
CUST_0211,4,768.9,192.225,13,7.535,4.2375,3,4,27,86,0
CUST_0212,4,85.16,21.29,8,7.8125,3.4525,3,4,88,24,1
CUST_0213,6,322.72,53.78666666666666,14,8.995,3.9616666666666656,4,6,53,121,0
CUST_0214,3,148.44,49.48,11,7.966666666666666,3.6833333333333336,3,3,29,119,0
CUST_0215,6,5553.5,925.5833333333334,21,9.316666666666666,3.7483333333333335,5,6,68,102,1
CUST_0216,5,703.03,140.606,23,11.096,4.034,3,5,32,138,0
CUST_0217,8,4025.89,503.23625,26,9.11625,3.91375,7,8,15,147,0
CUST_0218,4,43479.44,10869.86,15,6.905,4.2375,4,4,7,125,0
CUST_0219,5,4463.63,892.726,18,6.748,3.714,4,5,10,153,0
CUST_0220,6,467.35,77.89166666666667,20,6.653333333333333,4.118333333333333,3,6,5,170,0
CUST_0221,12,2247.34,187.2783333333333,25,7.770833333333333,3.7741666666666656,5,11,26,115,0
CUST_0222,10,10182.11,1018.211,27,9.931,4.34,5,9,35,137,0
CUST_0223,3,62.73,20.91,10,7.946666666666668,3.8666666666666663,3,3,82,89,1
CUST_0224,3,291.61,97.20333333333332,8,5.66,3.74,2,3,12,58,0
CUST_0225,2,5337.330000000001,2668.6650000000004,6,13.62,3.155,2,2,90,59,1
CUST_0226,8,320.45,40.05625,32,12.885,4.24125,3,8,55,107,0
CUST_0227,5,114.9,22.98,15,7.856,3.802,2,5,28,122,0
CUST_0228,6,207.98,34.663333333333334,17,7.331666666666666,3.706666666666667,3,6,18,130,0
CUST_0229,5,606.28,121.256,13,9.858,3.832,3,4,38,139,0
CUST_0230,5,1651.5700000000002,330.314,12,14.301999999999998,3.486,3,5,12,116,0
CUST_0231,5,32510.7,6502.14,17,9.71,3.594,5,5,35,114,0
CUST_0232,8,33275.24,4159.405,26,10.81625,4.1325,5,8,2,172,0
CUST_0234,7,1268.56,181.22285714285712,30,9.67,3.5442857142857145,5,7,7,171,0
CUST_0235,5,1931.83,386.366,16,11.05,4.087999999999999,3,5,31,126,0
CUST_0236,4,8616.89,2154.2225,12,12.29,3.7525,3,4,64,100,1
CUST_0237,4,229.57,57.3925,9,11.255,4.2025,3,4,91,72,1
CUST_0238,4,219.85,54.962500000000006,10,8.8825,3.795,3,4,128,44,1
CUST_0239,6,186.8,31.133333333333336,12,9.646666666666668,4.166666666666667,2,6,1,168,0
CUST_0240,9,7262.52,806.9466666666667,29,11.326666666666666,3.1888888888888887,5,6,36,116,0
CUST_0241,8,40331.97,5041.49625,15,12.2225,3.30875,7,8,12,162,0
CUST_0242,4,346.87,86.7175,12,6.98,4.0125,3,4,20,54,0
CUST_0243,8,171.76,21.47,20,8.14875,3.98875,3,8,15,113,0
CUST_0244,1,4.91,4.91,1,1.53,4.03,1,1,145,0,1
CUST_0245,2,133.76,66.88,5,0.335,4.7,2,2,2,55,0
CUST_0246,5,225.74,45.148,17,12.494,4.44,2,5,15,116,0
CUST_0247,5,5624.48,1124.896,15,5.906000000000001,4.1240000000000006,4,4,11,118,0
CUST_0248,5,1639.87,327.974,15,7.614,4.61,3,5,14,143,0
CUST_0249,2,152.01000000000002,76.00500000000001,7,14.065,2.675,2,2,59,30,0
CUST_0250,7,12396.19,1770.884285714286,24,9.67,4.0442857142857145,5,7,15,163,0
CUST_0251,5,36667.9,7333.58,10,10.824,3.362,4,5,35,140,0
CUST_0252,3,237.44000000000003,79.14666666666668,11,14.73,4.213333333333334,3,3,14,18,0
CUST_0253,8,13748.68,1718.585,31,13.18125,3.8875,5,8,65,104,1
CUST_0254,5,358.21,71.642,15,12.104,4.08,4,5,19,159,0
CUST_0255,7,913.73,130.53285714285715,18,8.684285714285714,3.7114285714285713,6,7,13,163,0
CUST_0256,4,8636.25,2159.0625,17,10.8325,3.695,3,4,73,37,1
CUST_0257,6,55678.68,9279.78,20,6.326666666666667,3.5316666666666667,4,6,19,143,0
CUST_0258,2,66.5,33.25,4,8.47,4.23,2,2,66,101,1
CUST_0259,7,543.6,77.65714285714286,22,8.45142857142857,4.394285714285714,4,7,4,134,0
CUST_0260,6,110.13,18.355,15,10.113333333333332,3.5383333333333336,3,6,71,93,1
CUST_0261,3,44.81,14.936666666666667,6,8.0,3.65,2,3,94,56,1
CUST_0262,8,4436.03,554.50375,24,10.64,3.885,4,8,5,157,0
CUST_0263,2,451.35,225.675,6,10.84,4.73,2,2,58,38,0
CUST_0264,7,332.08000000000004,47.440000000000005,18,10.452857142857145,3.8,3,7,21,137,0
CUST_0265,5,3098.5,619.7,16,9.41,4.37,5,5,27,97,0
CUST_0266,3,72.45,24.15,6,12.913333333333334,3.8333333333333335,2,3,89,79,1
CUST_0267,4,486.77,121.6925,11,6.4175,4.44,4,4,22,130,0
CUST_0268,2,235.01,117.505,6,8.795,4.48,2,2,84,63,1
CUST_0269,1,9.64,9.64,1,3.5,3.04,1,1,50,0,0
CUST_0270,6,16113.63,2685.605,23,9.498333333333331,3.5250000000000004,5,5,12,114,0
CUST_0271,4,10818.19,2704.5475,8,12.0025,3.0825,4,4,31,76,0
CUST_0272,4,254.59,63.6475,15,8.7125,3.37,3,4,11,54,0
CUST_0273,1,87.92,87.92,1,12.07,4.99,1,1,114,0,1
CUST_0274,8,38164.54,4770.5675,24,7.69875,3.31,5,8,21,148,0
CUST_0275,6,875.12,145.85333333333332,19,6.473333333333334,3.5,5,6,141,36,1
CUST_0276,6,2916.92,486.1533333333333,20,9.671666666666669,4.223333333333334,5,6,15,145,0
CUST_0277,11,15793.06,1435.7327272727273,40,8.600000000000001,4.0190909090909095,7,11,5,174,0
CUST_0278,5,1174.13,234.826,19,7.38,3.61,3,4,3,158,0
CUST_0279,4,292.46,73.115,11,11.3225,3.6325,3,4,13,130,0
CUST_0280,10,8721.150000000001,872.1150000000001,24,11.226,3.932,4,10,36,138,0
CUST_0281,5,13461.59,2692.318,12,9.402,3.978,4,5,21,117,0
CUST_0282,9,26551.8,2950.2,30,9.78111111111111,4.037777777777778,7,9,0,135,0
CUST_0283,6,4390.98,731.8299999999999,13,12.771666666666668,3.81,5,6,30,108,0
CUST_0284,7,10491.2,1498.7428571428572,16,8.75,3.977142857142857,3,6,23,113,0
CUST_0285,6,518.5699999999999,86.42833333333333,17,10.695,3.790000000000001,5,6,58,82,0
CUST_0286,2,50.86,25.43,5,10.89,4.625,2,2,131,29,1
CUST_0287,3,624.22,208.07333333333332,8,3.9,4.593333333333334,3,3,28,117,0
CUST_0288,1,47.79,47.79,4,8.03,3.7,1,1,71,0,1
CUST_0289,11,809.75,73.61363636363636,26,10.246363636363638,3.516363636363636,4,10,8,114,0
CUST_0290,2,176.33999999999995,88.16999999999999,6,2.6,4.28,2,2,5,0,0
CUST_0291,7,770.74,110.10571428571428,16,11.062857142857142,3.432857142857143,5,7,41,99,0
CUST_0292,5,87.45,17.490000000000002,13,4.936,3.94,2,5,92,53,1
CUST_0293,7,935.26,133.60857142857142,20,8.782857142857143,3.884285714285714,3,7,10,163,0
CUST_0294,4,90.41,22.602500000000003,12,11.95,4.24,3,3,42,134,0
CUST_0295,4,394.15,98.5375,10,8.9975,4.575,2,4,18,154,0
CUST_0296,5,137.34,27.468,8,7.868,3.88,2,4,32,144,0
CUST_0297,5,23528.13,4705.626,16,9.81,3.936,5,5,28,111,0
CUST_0298,7,538.21,76.88714285714286,20,9.51,3.752857142857143,4,7,2,139,0
CUST_0299,4,275.9,68.975,12,7.21,3.2875,3,4,90,16,1
CUST_0300,4,4267.55,1066.8875,9,4.6850000000000005,4.1525,3,4,5,162,0
